{"cameraMode":{"drawMode":0,"name":"Shaded","section":"Shading Mode"},"sceneLighting":true,"audioPlay":false,"sceneViewState":{"showFog":true,"showMaterialUpdate":false,"showSkybox":true,"showFlares":true,"showImageEffects":true,"showParticleSystems":true},"in2DMode":false,"pivot":{"x":-0.3759099245071411,"y":-0.025176942348480226,"z":0.4370763301849365},"rotation":{"x":0.10036415606737137,"y":0.2956031560897827,"z":-0.0312453955411911,"w":0.9495101571083069},"size":2.8578836917877199,"orthographic":false}